civic_var_id	civic_gene_id	hugo_symbol	gene	hgvs.p	source
2597	9533	DICER1	ENSG00000100697.13	p.Gln301*;Glu1813Gly	Protein
2709	37	PIK3CA	ENSG00000121879.3	p.E545*	Protein
2381	58	VHL	ENSG00000134086.7	p.L118P;R107G	Protein
2373	58	VHL	ENSG00000134086.7	p.?	Protein
2695	29	KIT	ENSG00000157404.14	p.V555_V559del	Protein
2697	4111	PAX5	ENSG00000196092.11	p.P80R	Protein
2691	3985	NTRK3	ENSG00000140538.15	p.G623R	Protein
1282	3983	NTRK1	ENSG00000198400.10	p.G595R;G667C	Protein
2710	37	PIK3CA	ENSG00000121879.3	p.H1047*	Protein
2391	31	MAP2K1	ENSG00000169032.8	p.C121S;G128D	Protein
2696	29	KIT	ENSG00000157404.14	p.K550_K559del	Protein
572	2073	MTOR	ENSG00000198793.11	p.E2014K;E2419K	Protein
2703	778	CBL	ENSG00000110395.4	p.W802*	Protein
2700	778	CBL	ENSG00000110395.4	p.Q294E	Protein
2702	778	CBL	ENSG00000110395.4	p.V391I	Protein
13	5	BRAF	ENSG00000157764.11	p.V600E;V600M	Protein
2256	19	EGFR	ENSG00000146648.14	p.E709K;G719A	Protein
2690	3983	NTRK1	ENSG00000198400.10	p.G595R	Protein
2086	58	VHL	ENSG00000134086.7	p.V130I;R200W	Protein
2374	58	VHL	ENSG00000134086.7	p.?	Protein
